INSERT INTO users (id, username)
VALUES (1, 'せち'),
       (2, 'ぷち');

INSERT INTO user_active (user_id)
VALUES (1),
       (2);

-- 正式名称
INSERT INTO game_info (id, game_name, company_name)
VALUES (1, 'JJUGクエスト', 'ぺち'),
       (2, 'JavaRPG', 'ぺち');


-- 表記揺れ補正用
INSERT INTO game_name_variants (id, game_info_id, name_variant)
VALUES (1, 2, 'JAVA_RPG'),
       (2, 2, 'Java RPG');

INSERT INTO game_events (game_info_id, event_name, event_start_date, event_end_date)
VALUES (1, 'Event 1', '2023-04-01 00:00:00', '2023-04-10 23:59:59'),
       (2, 'Event 2', '2023-04-15 00:00:00', '2023-04-25 23:59:59');


INSERT INTO event_characters (game_event_id, character_name, character_class, ability)
VALUES (1, 'あああ', 'Warrior', 'Strength'),
       (1, 'Character 2', 'Mage', 'Intelligence'),
       (2, 'Character 3', 'Archer', 'Agility');

INSERT INTO character_drawn (user_id, event_character_id, drawn_date)
VALUES (1, 1, '2023-04-05 12:30:00'),
       (1, 1, '2023-04-07 10:15:00');

INSERT INTO billing_history(user_id, purchase_date, game_name, purchased_item, amount)
VALUES (1, '2023-04-14', 'JJUGクエスト', 'Java特訓パック', 2000),
       (1, '2023-04-13', 'JJUGクエスト', 'Spring強化パック', 1000),
       (1, '2023-04-12', 'JavaRPG', '経験値セット', 2000),
       (1, '2023-04-11', 'JavaRPG', 'NPE回避装備', 480),
       (2, '2023-04-10', 'JAVA_RPG', 'サポートパッケージ', 1000),
       (1, '2023-03-25', 'JavaRPG', 'メモリー増強剤', 10000),
       (2, '2023-03-25', 'JAVA_RPG', 'メモリー増強剤', 10000),
       (1, '2023-03-25', 'JavaRPG', 'メモリー増強剤', 1000),
       (2, '2023-03-24', 'JAVA_RPG', 'メモリー増強剤', 3000),
       (1, '2023-03-23', 'JavaRPG', 'メモリー増強剤', 10000),
       (1, '2023-03-23', 'JavaRPG', '経験値セット', 2000),
       (1, '2023-03-23', 'JJUGクエスト', 'ナイトセミナーパス', 650),
       (1, '2023-03-15', 'Java RPG', '経験値セット', 2000),
       (1, '2023-03-15', 'JavaRPG', 'NPE回避装備', 480),
       (2, '2023-03-08', 'JAVA_RPG', '経験値セット', 2000),
       (1, '2023-03-07', 'JavaRPG', 'サポートパッケージ', 1000),
       (1, '2023-03-07', 'JJUGクエスト', 'CCC記念パック', 3000),
       (1, '2023-02-27', 'JavaRPG', 'NPE回避装備', 480),
       (2, '2023-02-24', 'JAVA_RPG', 'メモリー増強剤', 10000),
       (1, '2023-02-24', 'JavaRPG', '装備パッケージα', 1000),
       (1, '2023-02-23', 'JavaRPG', '装備パッケージε', 2000),
       (1, '2023-02-23', 'JavaRPG', 'メモリー増強剤', 1500),
       (2, '2023-02-22', 'JAVA_RPG', 'メモリー増強剤', 4900),
       (1, '2023-02-22', 'JavaRPG', '経験値セット', 2000),
       (1, '2023-02-22', 'JavaRPG', 'NPE回避装備', 480),
       (1, '2023-02-22', 'JJUGクエスト', 'ナイトセミナーパス', 650),
       (1, '2023-02-16', 'JavaRPG', 'サポートパッケージ', 1000),
       (2, '2023-02-16', 'JAVA_RPG', 'NPE回避装備', 480),
       (1, '2023-01-25', 'JavaRPG', '経験値セット', 2000),
       (1, '2023-01-24', 'JAVA_RPG', '新プログラマー用メモリー増強剤', 160),
       (2, '2023-01-24', 'JavaRPG', '新プログラマー用メモリー増強剤', 160),
       (1, '2023-01-24', 'JavaRPG', '新プログラマー用メモリー増強剤', 160),
       (1, '2023-01-24', 'JavaRPG', 'リリース記念パッケージ', 3000),
       (1, '2023-01-18', 'JavaRPG', '経験値セット', 2000),
       (1, '2023-01-17', 'JJUGクエスト', 'CCC素材パック', 1000),
       (1, '2023-01-17', 'JavaRPG', 'NPE回避装備', 480),
       (1, '2023-01-17', 'JJUGクエスト', 'CCC育成パック', 1000),
       (1, '2023-01-15', 'JJUGクエスト', 'CCC満喫パック', 4900),
       (1, '2023-01-15', 'JJUGクエスト', 'ナイトセミナーパス', 650),
       (1, '2023-01-15', 'JJUGクエスト', '3周年観光パック', 3000),
       (1, '2023-01-14', 'JJUGクエスト', '昇進特訓パック', 2000),
       (1, '2023-01-11', 'JavaRPG', 'メモリー増強剤', 10000),
       (1, '2023-01-11', 'JavaRPG', '経験値セット', 2000),
       (1, '2023-01-11', 'JavaRPG', 'メモリー増強剤', 1500),
       (2, '2023-01-02', 'JAVA_RPG', 'サポートパッケージ', 1000),
       (2, '2023-01-02', 'JAVA_RPG', 'NPE回避装備', 480),
       (1, '2023-01-02', 'JavaRPG', '経験値セット', 2000),
       (1, '2023-01-01', 'JavaRPG', '経験値セット', 2000),
       (1, '2023-01-01', 'JavaRPG', '経験値セット', 2000);


